{"session_id": "session1", "refresh_rate": 60, "num_trials": 2, "trial_duration": 2.0, "intertrial_waittime": 3.0, "target_freqs": [7, 8, 9, 10, 11, 12, 13, 14, 15, 16, 17, 18, 19, 20], "events": ["7", "8", "9", "10", "11", "12", "13", "14", "15", "16", "17", "18", "19", "20"], "time_stamps": [7901.457398041, 7908.457468416, 7915.379770165999, 7922.325551124999, 7929.257822165999, 7936.209641999999, 7943.142109499999, 7950.074903665999, 7956.999538874999, 7963.943372374999, 7970.875767874999, 7977.810358207999, 7984.733181249999, 7991.675183749999], "sampling_freq": 250, "channels": ["timestamps", "P7", "P3", "Pz", "P4", "P8", "O1", "Oz", "O2", "AUX1", "AUX2", "AUX3"]}